Striker_Id,Player_Name,Batting_Hand,Bowling_Skill,Country,No_Matches,No_Sixes_IPL,No_Fours_IPL,No.Of_Thirties,No.Of_Fifties,No.Of_Centuries,Batsman_Scored_Power_Play_Per_Match,No_Of_Dot_Balls_Death_Over_Per_Match,No_Of_Dot_Balls_Power_Play_Per_Match,Batsman_Scored_Death_Over_Per_Match,Sixes_Power_Play_Per_Match,Sixes_Death_Over_Per_Match,Fours_Power_Play_Per_Match,Fours_Death_Over_Per_Match,Player_Id
1,SC Ganguly,Left_Hand,Right-arm medium,India,56,42,137,21,7,0,11.5,3.733333333,6.673913043,14.75,1.285714286,2,2.451612903,1.4,1
2,BB McCullum,Right_Hand,Right-arm medium,New Zealand,92,106,248,35,11,2,14.97727273,2.5,6.75,18.08333333,1.735294118,3,2.453125,2,2
4,DJ Hussey,Right_Hand,Right-arm offbreak,Australia,61,60,90,19,5,0,6.380952381,2.771428571,3.555555556,13.67567568,1,2.117647059,1.8,1.6875,4
5,Mohammad Hafeez,Right_Hand,Right-arm offbreak,Pakistan,8,2,7,0,0,0,7,2.666666667,6.5,5.333333333,1,0,1,1,5
6,R Dravid,Right_Hand,Right-arm offbreak,India,82,28,268,32,11,0,14.078125,2.545454545,7.721311475,11.95454545,1.166666667,2,2.94,2.076923077,6
8,V Kohli,Right_Hand,Right-arm medium,India,131,148,360,59,27,4,11.18888889,3.086206897,5.651685393,19.9,1.357142857,1.888888889,2.210526316,2.567567568,8
9,JH Kallis,Right_Hand,Right-arm fast-medium,South Africa,95,44,255,34,17,0,12.63414634,2.741935484,6.9875,15.51612903,1.071428571,1.727272727,2.631578947,2.263157895,9
10,CL White,Right_Hand,Legbreak googly,Australia,45,38,76,15,6,0,5.35,2.523809524,3.3,18.2173913,2,2,1.5,1.857142857,10
11,MV Boucher,Right_Hand,Right-arm medium,South Africa,23,13,32,6,1,0,7.333333333,3.117647059,4.333333333,17.05882353,0,1.333333333,3,2,11
12,B Akhil,Right_Hand,Right-arm medium-fast,India,11,5,5,0,0,0,0,2.5,0,7.111111111,0,1.666666667,0,1.333333333,12
14,P Kumar,Right_Hand,Right-arm medium,India,55,17,22,1,0,0,3,2.782608696,3,5.823529412,0,1.272727273,1,1.428571429,14
15,Z Khan,Right_Hand,Left-arm fast-medium,India,24,2,11,0,0,0,0,2.842105263,3,4.954545455,0,1,0,1.571428571,15
17,PA Patel,Left_Hand,,India,100,27,248,22,8,0,12.90425532,2.222222222,6.703296703,8,1,1,2.76119403,1.8,17
18,ML Hayden,Left_Hand,Right-arm medium,Australia,32,44,121,17,8,0,18.71875,3.6,7.8125,22.2,1.25,1.666666667,3.24,2.2,18
19,MEK Hussey,Left_Hand,Right-arm medium,Australia,58,52,198,28,15,1,15.05454545,2.157894737,7.436363636,17.9,1.454545455,1.727272727,2.441860465,2.818181818,19
20,MS Dhoni,Right_Hand,Right-arm medium,India,128,140,236,45,16,0,3.111111111,3.93,3,21.7184466,0,1.84375,1,2.155844156,20
21,SK Raina,Left_Hand,Right-arm offbreak,India,143,161,360,56,28,1,11.94791667,2.934782609,4.815217391,18.32653061,1.516129032,1.782608696,2.174603175,2.266666667,21
22,JDP Oram,Left_Hand,Right-arm fast-medium,New Zealand,11,5,6,1,0,0,0,3.25,0,8.888888889,0,1.25,0,2.5,22
23,S Badrinath,Right_Hand,Right-arm offbreak,India,65,28,154,23,11,0,6.275862069,3,5.785714286,12.85,1,1.181818182,1.6875,2.12,23
24,K Goel,Left_Hand,Right-arm offbreak,India,16,9,17,1,0,0,13.33333333,5,7.583333333,11,1.75,1,1.857142857,1.5,24
25,JR Hopes,Right_Hand,Right-arm medium,Australia,19,11,49,4,4,0,11.92857143,2.142857143,4.857142857,10.5,2,1,2.333333333,1.2,25
26,KC Sangakkara,Left_Hand,Right-arm offbreak,Sri Lanka,68,27,195,23,10,0,10.875,2.85,5.170212766,15.2,1.2,1.142857143,2.454545455,2.769230769,26
27,Yuvraj Singh,Left_Hand,Slow left-arm orthodox,India,105,133,175,32,10,0,5.833333333,4.20754717,3.517241379,17.77777778,1.666666667,2.466666667,1.466666667,1.84375,27
28,SM Katich,Left_Hand,Slow left-arm chinaman,Australia,11,8,25,3,2,0,15.66666667,4,6.222222222,21,1.666666667,1,2.25,0,28
29,IK Pathan,Left_Hand,Left-arm medium-fast,India,81,38,88,10,1,0,11.5,3.648148148,4.285714286,11.82258065,1,1.555555556,3,1.823529412,29
31,YK Pathan,Right_Hand,Right-arm offbreak,India,122,143,231,35,13,1,11.06896552,3.333333333,4.423076923,15.64705882,2.285714286,1.785714286,2.222222222,2.25,31
32,SR Watson,Right_Hand,Right-arm fast-medium,Australia,91,121,251,35,14,2,13.71929825,2.419354839,6.625,14.96969697,1.352941176,1.8125,2.525,2.588235294,32
33,M Kaif,Right_Hand,Right-arm offbreak,India,22,6,22,2,0,0,4.4,2.333333333,5.8,9.25,0,2,2,1.5,33
35,RA Jadeja,Left_Hand,Slow left-arm orthodox,India,98,53,112,14,0,0,7.5,2.75,4.2,10.27710843,1,1.103448276,1.75,1.818181818,35
36,M Rawat,Right_Hand,,India,11,1,4,0,0,0,0,3.5,2,5.555555556,0,1,0,1.333333333,36
37,D Salunkhe,Right_Hand,Legbreak,India,3,0,5,0,0,0,0,3,0,8.666666667,0,0,0,2,37
38,SK Warne,Right_Hand,Legbreak googly,Australia,27,6,14,1,0,0,0,3.3,0,6.590909091,0,1.333333333,0,1.571428571,38
39,SK Trivedi,Right_Hand,Right-arm medium,India,14,1,3,0,0,0,0,2.642857143,0,3,0,1,0,1.5,39
40,G Gambhir,Left_Hand,Legbreak,India,130,51,422,51,31,0,15.25984252,2.740740741,6.040322581,13,1.217391304,1.4,2.666666667,2.222222222,40
41,V Sehwag,Right_Hand,Right-arm offbreak,India,104,106,334,35,16,2,15.46601942,2.5,5.362745098,11.81818182,1.277777778,1.8,2.911392405,2.166666667,41
42,S Dhawan,Left_Hand,Right-arm offbreak,India,112,62,348,42,25,0,14.6,3.391304348,6.403846154,17.84,1.368421053,1.090909091,2.447058824,2.578947368,42
44,ST Jayasuriya,Left_Hand,Slow left-arm orthodox,Sri Lanka,30,39,84,10,4,1,17.13333333,1.5,7.766666667,0,2.076923077,0,3.05,0,44
46,RV Uthappa,Right_Hand,Right-arm medium,India,130,104,341,49,17,0,14.89473684,2.852941176,5.79787234,17,1.285714286,1.842105263,2.513513514,2.388888889,46
47,PR Shah,Right_Hand,,India,9,2,9,0,0,0,10,3,6.666666667,5.4,2,0,1,1.5,47
48,AM Nayar,Left_Hand,Right-arm medium,India,50,20,55,6,0,0,5.909090909,2.5,4.090909091,11.02941176,1,1.75,1.333333333,2.0625,48
49,SM Pollock,Right_Hand,Right-arm fast-medium,South Africa,8,8,12,2,0,0,0.5,3.333333333,2.5,13.83333333,0,2.5,0,2,49
50,Harbhajan Singh,Right_Hand,Right-arm offbreak,India,75,40,76,6,1,0,11.4,3.053571429,5,9.584615385,1,1.619047619,2.333333333,1.875,50
52,LRPL Taylor,Right_Hand,Right-arm offbreak,New Zealand,54,46,66,11,3,0,9.117647059,3.580645161,4.428571429,11.9375,2.333333333,1.642857143,2,1.692307692,52
53,AC Gilchrist,Left_Hand,Right-arm offbreak,Australia,80,92,238,26,11,2,17.2625,3.666666667,6.95,18,1.689655172,1.75,2.96875,2.666666667,53
54,Y Venugopal Rao,Right_Hand,Right-arm offbreak,India,52,37,77,11,3,0,6.333333333,3.15625,5.25,13.82352941,0,1.714285714,1.5,1.789473684,54
55,VVS Laxman,Right_Hand,Right-arm offbreak,India,20,5,33,4,1,0,9.842105263,3,5.666666667,2,1.333333333,0,2,0,55
56,A Symonds,Right_Hand,Right-arm offbreak,Australia,36,41,74,14,5,1,4.8,3.590909091,3.666666667,16.30434783,0,2.111111111,2,1.928571429,56
57,RG Sharma,Right_Hand,Right-arm offbreak,India,137,164,323,55,29,1,9.044117647,3.432432432,4.738461538,20.51351351,1.333333333,2.351351351,1.871794872,2.425925926,57
58,SB Styris,Right_Hand,Right-arm medium,New Zealand,10,3,10,1,0,0,2.666666667,2.2,2.5,8.333333333,0,1,0,1.5,58
59,SB Bangar,Right_Hand,Right-arm medium-fast,India,7,3,1,0,0,0,0,2.6,0,6.5,0,1.5,0,1,59
60,WPUJC Vaas,Left_Hand,Left-arm fast-medium,Sri Lanka,11,3,2,0,0,0,0,2.333333333,0,6.727272727,0,1,0,1,60
61,RP Singh,Right_Hand,Left-arm fast-medium,India,28,1,2,0,0,0,0,2.055555556,0,1.851851852,0,1,0,1,61
62,WP Saha,Right_Hand,,India,67,49,110,14,5,1,13.06896552,2.580645161,5.107142857,14.30555556,1.166666667,1.6,2.380952381,2.235294118,62
63,LR Shukla,Right_Hand,Right-arm medium,India,33,15,33,3,0,0,1,3.363636364,1.5,10.73913043,0,1.25,0,2.1,63
64,DPMD Jayawardene,Right_Hand,Right-arm medium,Sri Lanka,78,40,200,23,10,1,12.22,3.148148148,5.510204082,15.65517241,1.181818182,1.181818182,2.583333333,2.588235294,64
65,S Sohal,Right_Hand,Legbreak,India,20,18,34,6,2,0,16.41176471,2,8.125,1,2.142857143,0,3.25,0,65
66,B Lee,Right_Hand,Right-arm fast,Australia,19,8,8,0,0,0,0,2.8125,0,6.388888889,0,1.4,0,1.333333333,66
67,PP Chawla,Left_Hand,Legbreak,India,64,15,49,0,0,0,7.5,2.679245283,4,6.898305085,0,1.090909091,1.5,1.576923077,67
68,WA Mota,Right_Hand,Right-arm medium,India,8,0,2,0,0,0,0,2.333333333,0,4.857142857,0,0,0,2,68
69,Kamran Akmal,Right_Hand,,Pakistan,6,8,13,1,1,0,12.75,3,6,21,1,2,2,4,69
70,Shahid Afridi,Right_Hand,Legbreak googly,Pakistan,9,6,7,1,0,0,14.33333333,1.5,2,5.5,1.5,2,2,2,70
71,DJ Bravo,Right_Hand,Right-arm medium-fast,West Indies,81,48,102,14,4,0,8.2,2.857142857,5.230769231,12.46666667,1.25,1.423076923,2.142857143,1.793103448,71
72,MA Khote,Right_Hand,Right-arm medium,India,3,1,2,0,0,0,0,3.333333333,0,7.333333333,0,1,0,1,72
73,A Nehra,Right_Hand,Left-arm medium-fast,India,17,1,3,0,0,0,0,2.466666667,0,2.411764706,0,1,0,1.5,73
74,GC Smith,Left_Hand,Right-arm offbreak,South Africa,29,9,94,9,4,0,12.89655172,2.285714286,7.689655172,11.85714286,0,1,3.105263158,1.666666667,74
77,S Sreesanth,Right_Hand,Right-arm fast-medium,India,12,0,6,0,0,0,0,3.583333333,0,2.833333333,0,0,0,2,77
78,VRV Singh,Right_Hand,Right-arm medium-fast,India,2,0,1,0,0,0,0,1,0,2,0,0,0,1,78
79,SS Tiwary,Left_Hand,,India,63,44,84,15,6,0,8.066666667,3.054054054,5.071428571,12.45,1,1.5,1.666666667,1.590909091,79
80,DS Kulkarni,Right_Hand,Right-arm medium,India,15,2,6,0,0,0,0,3.909090909,0,6.538461538,0,2,0,1.5,80
81,R Vinay Kumar,Right_Hand,Right-arm medium,India,41,9,20,0,0,0,0,3.387096774,0,6.875,0,1.285714286,0,1.285714286,81
82,AB Agarkar,Right_Hand,Right-arm fast,India,18,5,13,1,0,0,20,2.153846154,9,9.066666667,2,1.5,1,1.428571429,82
83,M Kartik,Left_Hand,Slow left-arm orthodox,India,14,1,7,0,0,0,0,1.909090909,0,6.923076923,0,1,0,1.25,83
84,I Sharma,Right_Hand,Right-arm fast-medium,India,14,1,2,0,0,0,0,3.666666667,0,2.285714286,0,1,0,1,84
85,AM Rahane,Right_Hand,Right-arm medium,India,89,51,285,36,23,1,14.44444444,3,6.728395062,16.25806452,1.125,1.461538462,2.639344262,2.3,85
86,Shoaib Malik,Right_Hand,Right-arm offbreak,Pakistan,5,0,5,0,0,0,17,1,6,2.666666667,0,0,3,1,86
87,MK Tiwary,Right_Hand,Legbreak googly,India,66,28,121,19,5,0,7.615384615,3.257142857,4.307692308,12.07317073,1.25,1.3,1.916666667,1.535714286,87
88,KD Karthik,Right_Hand,,India,121,60,256,34,12,0,7.212765957,2.732142857,4.452380952,12.53448276,1,1.8,1.730769231,1.882352941,88
89,R Bhatia,Right_Hand,Right-arm medium-fast,India,46,12,24,0,0,0,0,2.114285714,0,6.068181818,0,1.222222222,0,1.235294118,89
90,MF Maharoof,Right_Hand,Right-arm fast-medium,India,14,9,12,1,0,0,0,3.1,0,12.45454545,0,2.333333333,0,2.25,90
93,B Chipli,Right_Hand,Right-arm medium,India,21,7,28,2,1,0,6.875,2.125,6.5,12.44444444,1,1.5,1.4,2.166666667,93
94,DW Steyn,Right_Hand,Right-arm fast,South Africa,32,3,14,0,0,0,0,2.428571429,0,5.35483871,0,1,0,1.272727273,94
95,DB Das,Right_Hand,Legbreak googly,India,22,16,23,2,0,0,9.666666667,3.307692308,5.5,8.933333333,1,1,3,1.444444444,95
96,MK Pandey,Right_Hand,Right-arm medium,India,83,53,169,23,7,1,10.59375,2.631578947,5.540983607,12.90909091,1.111111111,1.428571429,2.2,2.083333333,96
97,HH Gibbs,Right_Hand,Right-arm bowler,South Africa,36,31,83,11,6,0,12.77142857,2.428571429,7.257142857,13.85714286,1.6,1.25,2.16,1.2,97
98,DNT Zoysa,Left_Hand,Left-arm fast-medium,Sri Lanka,2,0,1,0,0,0,0,1.5,0,5.5,0,0,0,1,98
100,SE Marsh,Left_Hand,Slow left-arm orthodox,Australia,61,73,233,34,18,1,11.70175439,2.6,6.285714286,15.48,1.166666667,2,2.222222222,1.933333333,100
101,SA Asnodkar,Right_Hand,Right-arm offbreak,India,19,10,56,7,2,0,14.63157895,1,5.736842105,0,1.125,0,2.533333333,0,101
102,Sohail Tanvir,Left_Hand,Left-arm medium-fast,Pakistan,5,1,3,0,0,0,13,1.5,3,6,1,0,1,1,102
103,Salman Butt,Left_Hand,Right-arm offbreak,Pakistan,7,2,30,2,1,0,14.85714286,4,9,23,1,0,2.571428571,5,103
104,BJ Hodge,Right_Hand,Right-arm offbreak,Australia,63,43,122,21,6,0,6.727272727,3.225,4.681818182,18.02380952,1.333333333,1.75,1.8,2.444444444,104
105,Umar Gul,Right_Hand,Right-arm fast-medium,Pakistan,4,5,1,0,0,0,0,2.666666667,0,9.75,0,1.666666667,0,1,105
106,AB Dinda,Right_Hand,Right-arm medium-fast,India,15,0,1,0,0,0,0,2.25,0,1.266666667,0,0,0,1,106
108,S Vidyut,Left_Hand,Slow left-arm orthodox,India,8,3,21,2,1,0,14.71428571,2,5.714285714,0.5,1,0,2.285714286,0,108
109,JA Morkel,Left_Hand,Right-arm medium-fast,South Africa,67,55,61,7,3,0,6,2.903846154,2.5,11.65,0,1.739130435,1.5,1.387096774,109
110,AB de Villiers,Right_Hand,Right-arm medium,South Africa,109,142,275,42,22,3,9.02,2.927272727,4.040816327,23.87719298,1.571428571,2.282051282,2.033333333,2.534883721,110
111,LPC Silva,Right_Hand,Legbreak,Sri Lanka,3,1,5,0,0,0,9,1,5,23,0,1,2,2,111
112,DB Ravi Teja,Right_Hand,Legbreak googly,India,25,9,35,5,1,0,10.6,2.944444444,6.2,9.476190476,0,1.2,2.333333333,1.333333333,112
113,Misbah-ul-Haq,Right_Hand,Legbreak,Pakistan,8,6,10,2,0,0,6.75,2.666666667,2.25,16.33333333,1,4,2,1.5,113
114,YV Takawale,Right_Hand,,India,10,3,26,2,0,0,15.125,1.5,11,14.5,1,1,3.8,4,114
115,RR Raje,Right_Hand,Right-arm fast-medium,India,5,1,1,0,0,0,0,1.2,0,4,0,1,0,1,115
116,PJ Sangwan,Right_Hand,Left-arm medium,India,9,0,1,0,0,0,0,1.666666667,0,2.25,0,0,0,1,116
118,GD McGrath,Right_Hand,Right-arm fast-medium,Australia,2,0,1,0,0,0,0,2,0,2,0,0,0,1,118
119,Joginder Sharma,Right_Hand,Right-arm fast-medium,India,5,2,1,0,0,0,0,2,0,7.2,0,1,0,1,119
120,MS Gony,Right_Hand,Right-arm medium,India,15,8,6,1,0,0,0,2.285714286,0,6.714285714,0,1.6,0,2,120
121,M Muralitharan,Right_Hand,Right-arm offbreak,Sri Lanka,9,0,1,0,0,0,0,2.125,0,2.222222222,0,0,0,1,121
122,M Ntini,Right_Hand,Right-arm fast,South Africa,2,0,2,0,0,0,0,7.5,0,5.5,0,0,0,2,122
123,DT Patil,Right_Hand,,India,2,0,1,0,0,0,0,0,0,4,0,0,0,1,123
124,A Kumble,Right_Hand,Legbreak googly,India,15,0,3,0,0,0,0,2.1,0,2.333333333,0,0,0,1,124
125,S Anirudha,Right_Hand,,India,12,7,9,1,1,0,6.5,3.714285714,4.75,9.444444444,0,1.5,5,1,125
126,MM Patel,Right_Hand,Right-arm medium-fast,India,11,0,5,0,0,0,0,1.75,0,4.333333333,0,0,0,5,126
128,A Chopra,Right_Hand,Right-arm offbreak,India,6,0,7,0,0,0,5.4,1,5.2,2,0,0,1.333333333,0,128
129,T Taibu,Right_Hand,Right-arm medium,Zimbabwea,3,0,3,0,0,0,0,2,0,7,0,0,0,1,129
132,SP Goswami,Left_Hand,,India,16,2,26,2,1,0,10.08333333,3.25,6.416666667,8.75,0,1,2,1,132
133,SR Tendulkar,Right_Hand,Right-arm offbreak,India,78,29,295,36,13,1,14.77922078,3.277777778,7.053333333,15.31578947,1.111111111,1.75,2.806451613,2.4,133
135,TM Dilshan,Right_Hand,Right-arm offbreak,Sri Lanka,50,24,140,17,9,0,11.90243902,3.857142857,6.243902439,17.07142857,1.142857143,1.285714286,2.75,2.090909091,135
136,A Mishra,Right_Hand,Legbreak,India,43,3,25,2,0,0,1,2.666666667,4,5.125,0,1,0,1.888888889,136
137,AD Mascarenhas,Right_Hand,Right-arm fast-medium,England,11,1,5,0,0,0,4,1.875,1,6.888888889,0,1,1,1.333333333,137
138,NK Patel,Left_Hand,,India,6,1,14,2,1,0,11.25,3.5,9.75,20,0,1,4,1.5,138
139,LA Pomersbach,Left_Hand,Right-arm offbreak,Australia,16,13,25,3,1,0,13,4.5,4.875,12.875,1.333333333,1.25,1.833333333,2.666666667,139
140,Iqbal Abdulla,Left_Hand,Slow left-arm orthodox,India,12,1,9,1,0,0,0,2.454545455,0,6.727272727,0,1,0,2.25,140
147,DR Smith,Right_Hand,Right-arm medium,West Indies,77,109,213,31,15,0,18.87931034,2.578947368,8.655172414,11.89473684,1.730769231,1.666666667,2.775510204,1.5,147
148,SD Chitnis,Right_Hand,Right-arm offbreak,India,8,2,10,1,0,0,1,2.166666667,5,5.625,0,1,0,1,148
151,L Balaji,Right_Hand,Right-arm medium-fast,India,13,1,2,0,0,0,0,2.9,0,2.769230769,0,1,0,1,151
152,A Mukund,Left_Hand,Legbreak googly,India,2,0,1,0,0,0,14,1,6,0,0,0,1,0,152
153,RR Powar,Right_Hand,Right-arm offbreak,India,9,1,6,0,0,0,0,3.125,0,7.444444444,0,1,0,2,153
154,JP Duminy,Left_Hand,Right-arm offbreak,South Africa,73,78,123,27,14,0,9.25,2.92,5.666666667,20.09803922,1.5,2.304347826,1.866666667,2,154
155,A Flintoff,Right_Hand,Right-arm fast-medium,England,3,2,5,0,0,0,14,3,11,15.5,1,1,1,1.5,155
157,JD Ryder,Left_Hand,Right-arm medium,New Zealand,29,19,69,8,4,0,15.17241379,5,5.551724138,25.5,1.625,1.5,2.9,2,157
158,KP Pietersen,Right_Hand,Right-arm offbreak,South Africa,36,40,91,15,4,1,14,3.142857143,5.36,23.28571429,1.333333333,1.8,2.473684211,3,158
161,RS Bopara,Right_Hand,Right-arm medium,England,22,16,39,6,3,0,10.83333333,2.818181818,6.75,15.76923077,1.5,2,1.833333333,2,161
162,CH Gayle,Left_Hand,Right-arm offbreak,West Indies,91,252,281,42,21,5,18.5,3.619047619,7.888888889,24.77272727,2.019230769,2.722222222,2.656716418,2.117647059,162
163,MC Henriques,Right_Hand,Right-arm fast-medium,Australia,39,23,59,8,2,0,8.166666667,2.545454545,3.416666667,12.72727273,1.5,1.833333333,1.285714286,1.714285714,163
164,R Bishnoi,Right_Hand,Right-arm medium-fast,India,3,2,1,0,0,0,18,1,9,1,2,0,1,0,164
166,KV Sharma,Left_Hand,Legbreak googly,India,28,12,13,2,0,0,3.5,3.25,6,7.423076923,0,1.571428571,1,1.4,166
167,PC Valthaty,Right_Hand,Right-arm medium,India,23,20,60,5,2,1,13.39130435,2.666666667,7.608695652,16,1.666666667,1,2.75,3.5,167
168,RJ Quiney,Left_Hand,Right-arm medium,Australia,7,3,12,1,1,0,9.285714286,2,6.428571429,1,1,0,1.8,0,168
169,AS Raut,Right_Hand,Legbreak googly,India,16,7,13,2,0,0,7,4.545454545,3,12,0,1.4,1,2,169
170,Yashpal Singh,Right_Hand,Right-arm medium,India,4,0,5,0,0,0,8.5,8,14,20,0,0,2,3,170
171,M Manhas,Right_Hand,Right-arm offbreak,India,38,10,43,5,0,0,5.75,2.84,4.5,10.55555556,1,1.166666667,2,1.571428571,171
172,AA Bilakhia,Right_Hand,Right-arm medium,India,7,0,5,0,0,0,7.666666667,3.666666667,6.666666667,9,0,0,2,1.5,172
175,DL Vettori,Left_Hand,Slow left-arm orthodox,New Zealand,16,2,11,0,0,0,0,2.888888889,0,6.076923077,0,1,0,1.75,175
176,MN van Wyk,Right_Hand,Slow left-arm orthodox,South Africa,5,1,19,3,1,0,9.333333333,3.25,5.333333333,17.5,0,1,2.5,2.333333333,176
177,RE van der Merwe,Right_Hand,Slow left-arm orthodox,South Africa,15,8,11,2,0,0,9,2.1,5.5,6.3,2,2,1.5,1.5,177
178,TL Suman,Right_Hand,Right-arm offbreak,India,39,26,55,6,2,0,8.80952381,3.4,5.095238095,13.26666667,1.2,1.285714286,1.571428571,1.4,178
180,GR Napier,Right_Hand,Right-arm medium,England,1,0,1,0,0,0,0,2,0,7,0,0,0,1,180
182,LA Carseldine,Left_Hand,Left-arm medium,Australia,5,0,11,1,0,0,12.66666667,2,7.666666667,12.5,0,0,2.333333333,1.5,182
183,NV Ojha,Right_Hand,,India,88,76,119,10,6,0,11.48837209,2.974358974,7.261904762,10.62790698,1.5,1.428571429,2.071428571,1.55,183
185,M Vijay,Right_Hand,Right-arm offbreak,India,99,89,237,35,13,2,15.5625,2.785714286,7.041666667,14,1.419354839,1.75,2.385714286,1.833333333,185
186,SB Jakati,Left_Hand,Slow left-arm orthodox,India,5,0,3,0,0,0,0,2.4,0,5.6,0,0,0,1.5,186
187,DA Warner,Left_Hand,Legbreak,Australia,100,134,338,47,32,2,18.18478261,2.72,6.5,19.69230769,1.459459459,1.941176471,3.217391304,2.058823529,187
188,RJ Harris,Right_Hand,Right-arm fast,Australia,21,3,6,0,0,0,0,2.25,0,5.4,0,1,0,1,188
190,M Morkel,Left_Hand,Right-arm fast,South Africa,20,5,11,0,0,0,0,2.266666667,0,6.25,0,1.25,0,1.571428571,190
191,AD Mathews,Right_Hand,Right-arm fast-medium,Sri Lanka,39,28,42,7,1,0,2.5,3.296296296,3.25,15.4,1,1.75,0,1.722222222,191
192,J Botha,Right_Hand,Right-arm offbreak,South Africa,28,5,39,4,1,0,5.625,2.35,5,8.130434783,1,1,2,1.7,192
194,SL Malinga,Right_Hand,Right-arm fast,Sri Lanka,18,4,6,0,0,0,0,3.866666667,0,4.5,0,1,0,1,194
197,GJ Bailey,Right_Hand,Right-arm medium,Australia,36,19,59,8,2,0,8.733333333,3,5.692307692,19.72222222,0,1.888888889,2.181818182,1.785714286,197
198,AB McDonald,Right_Hand,Right-arm fast-medium,Australia,9,4,9,2,0,0,30,3.285714286,11,11.85714286,2,1,4,1.25,198
199,Y Nagar,Right_Hand,Right-arm offbreak,India,20,9,20,1,0,0,1,3.555555556,1,10.57894737,0,1.6,0,1.777777778,199
201,R Ashwin,Right_Hand,Right-arm offbreak,India,36,2,22,0,0,0,4,2.444444444,6,5.09375,0,1,2,1.333333333,201
203,CA Pujara,Right_Hand,Legbreak,India,22,4,50,4,1,0,13.4375,2.875,8.6875,7,1,2,2.5,2,203
204,OA Shah,Right_Hand,Right-arm offbreak,England,22,23,34,6,4,0,5.75,4.0625,2.5,16.36842105,2,2.142857143,1,2.090909091,204
205,Anirudh Singh,Left_Hand,Right-arm medium,India,4,1,6,1,0,0,18,3.5,14,7.5,0,0,3,1,205
207,AP Tare,Right_Hand,,India,24,11,37,2,1,0,13,1.8,6.3125,7.714285714,1.166666667,1,2,1.75,207
208,AT Rayudu,Right_Hand,Right-arm offbreak,India,100,76,198,34,13,0,9.068181818,2.736842105,4.976190476,13.72580645,1,1.791666667,2,1.805555556,208
209,R Sathish,Right_Hand,Right-arm medium,India,24,6,22,0,0,0,0,2.5625,7,10.52941176,0,1,0,1.6,209
210,R McLaren,Left_Hand,Right-arm medium-fast,South Africa,13,1,14,2,1,0,12,3.090909091,11,6.230769231,0,1,1,2.25,210
211,AA Jhunjhunwala,Right_Hand,Right-arm offbreak,India,15,5,19,2,1,0,4,3.125,4.6,9.111111111,1,1,1,2.25,211
212,P Dogra,Right_Hand,Legbreak,India,12,5,4,1,0,0,0,3.181818182,0,6.833333333,0,1.5,0,1.5,212
214,MS Bisla,Right_Hand,,India,39,23,93,6,4,0,12.81081081,3.333333333,7.216216216,9.833333333,1.571428571,1,2.916666667,2.666666667,214
216,EJG Morgan,Left_Hand,Right-arm medium,England,41,32,66,10,4,0,8.583333333,3.833333333,6.25,13.88,1,1.833333333,2.333333333,1.615384615,216
217,JM Kemp,Right_Hand,Right-arm fast-medium,South Africa,2,1,1,0,0,0,2,5,1,4,0,0,0,0,217
221,KA Pollard,Right_Hand,Right-arm medium-fast,West Indies,96,125,131,22,9,0,1.8,3.973684211,3.333333333,18.20512821,1,2.108695652,0,1.9,221
225,DR Martyn,Right_Hand,Right-arm medium,Australia,1,0,1,0,0,0,1,4,2,6,0,0,0,1,225
226,S Narwal,Left_Hand,Right-arm medium,India,4,0,6,0,0,0,0,3.5,0,8.333333333,0,0,0,4,226
227,AB Barath,Right_Hand,Right-arm offbreak,India,3,1,5,1,0,0,18,3,7,2,1,0,2,0,227
228,Bipul Sharma,Left_Hand,Slow left-arm orthodox,India,14,8,9,1,0,0,0,2,0,11.23076923,0,2,0,1.333333333,228
229,FY Fazal,Left_Hand,Right-arm medium,India,11,1,22,3,0,0,9.5,3.25,5.375,10,0,0,2.75,2.5,229
230,AC Voges,Right_Hand,Slow left-arm orthodox,Australia,7,3,15,2,0,0,7,3.8,5,20.4,0,1.5,1,1.75,230
231,MD Mishra,Right_Hand,Right-arm offbreak,India,17,8,24,2,0,0,9.923076923,2.5,5.615384615,14.5,1,2,1.7,1,231
232,UT Yadav,Right_Hand,Right-arm fast-medium,India,25,5,13,0,0,0,0,2.571428571,0,5.16,0,1,0,1.857142857,232
233,J Theron,Right_Hand,Right-arm medium-fast,South Africa,4,0,1,0,0,0,0,2,0,2.5,0,0,0,1,233
235,R Sharma,Right_Hand,Right-arm offbreak,India,19,3,5,0,0,0,0,2.823529412,0,3.473684211,0,1,0,1.25,235
236,Mandeep Singh,Right_Hand,Right-arm medium,India,48,14,113,10,4,0,12.32432432,2.818181818,5.685714286,12.81818182,1,1,2.833333333,1.571428571,236
237,KM Jadhav,Right_Hand,Right-arm offbreak,India,44,23,47,6,2,0,0.5,3.4,2.166666667,13.58823529,0,1.615384615,0,1.944444444,237
238,SW Tait,Right_Hand,Right-arm fast,Australia,5,1,1,0,0,0,0,2.75,0,4.4,0,1,0,1,238
239,KB Arun Karthik,Right_Hand,Legbreak googly,India,8,1,4,0,0,0,0,3.4,0,6,0,0,0,3,239
240,KAJ Roach,Right_Hand,Right-arm fast,West Indies,1,0,1,0,0,0,0,3,0,10,0,0,0,1,240
241,PD Collingwood,Right_Hand,Right-arm medium,England,7,13,9,3,3,0,6.5,5,2.25,29,1,2.666666667,1.5,2,241
243,VS Malik,Right_Hand,Right-arm medium,India,2,0,1,0,0,0,0,1.5,0,3.5,0,0,0,1,243
244,A Mithun,Right_Hand,Right-arm medium,India,6,1,4,0,0,0,0,1.75,0,4,0,1,0,1,244
245,AP Dole,Right_Hand,Right-arm medium-fast,India,2,1,3,1,0,0,0,3.5,0,17,0,1,0,1.5,245
246,AN Ahmed,Right_Hand,Right-arm medium-fast,India,6,1,4,0,0,0,0,3.666666667,0,6,0,1,0,1,246
247,RS Sodhi,Right_Hand,Right-arm medium,India,1,0,1,0,0,0,0,1,0,4,0,0,0,1,247
248,DE Bollinger,Left_Hand,Left-arm fast-medium,Australia,4,1,1,0,0,0,0,2.75,0,5.25,0,1,0,1,248
250,B Sumanth,Right_Hand,Right-arm medium-fast,India,4,0,3,0,0,0,0,5.5,0,6.75,0,0,0,1,250
253,MR Marsh,Right_Hand,Right-arm medium,Australia,14,14,9,3,0,0,0,4.153846154,0,12.84615385,0,1.5,0,1.285714286,253
254,AJ Finch,Right_Hand,Slow left-arm orthodox,Australia,51,40,145,17,11,0,13.27906977,3.6,6.534883721,16.06666667,1.111111111,1.666666667,2.558823529,2.111111111,254
255,STR Binny,Right_Hand,Right-arm medium,India,49,26,53,9,0,0,1.666666667,2.333333333,2.166666667,10.58064516,0,1.5,1,1.5,255
256,Harmeet Singh,Left_Hand,Slow left-arm orthodox,India,4,0,3,0,0,0,0,1.666666667,0,4.5,0,0,0,3,256
257,IR Jaggi,Right_Hand,Legbreak googly,India,5,0,3,0,0,0,6.666666667,2.5,7.5,6.5,0,0,3,0,257
258,DT Christian,Right_Hand,Right-arm fast-medium,Australia,22,13,17,2,0,0,2,2.882352941,2,13.11111111,0,1.571428571,0,1.444444444,258
259,RV Gomez,Right_Hand,Right-arm medium,India,9,1,5,0,0,0,0,3.833333333,1,6.25,0,1,0,1.666666667,259
260,MA Agarwal,Right_Hand,,India,45,33,79,10,3,0,12.78378378,2.8,6.081081081,20.16666667,1.357142857,2,2.391304348,3.333333333,260
261,AUK Pathan,Right_Hand,Right-arm medium,India,7,2,5,0,0,0,14,1.75,3,3.5,1,0,2,3,261
262,UBT Chand,Right_Hand,Right-arm offbreak,India,20,9,32,3,1,0,6,2,5.315789474,11.33333333,1.2,0,1.444444444,5,262
264,Sunny Singh,Right_Hand,Right-arm medium-fast,India,5,1,6,0,0,0,7.5,2.5,3,3.5,0,0,3,1,264
266,AL Menaria,Left_Hand,Slow left-arm orthodox,India,23,18,24,5,0,0,2.666666667,3.538461538,1.666666667,8.692307692,1,1,0,1.25,266
267,WD Parnell,Left_Hand,Left-arm medium-fast,South Africa,12,1,4,0,0,0,11,3.222222222,10,4.454545455,0,1,2,1,267
268,JJ van der Wath,Right_Hand,Right-arm medium-fast,South Africa,3,1,1,0,0,0,0,2.333333333,0,4.666666667,0,1,0,1,268
270,S Aravind,Left_Hand,Left-arm medium-fast,India,4,0,5,0,0,0,0,2.333333333,0,6.75,0,0,0,2.5,270
274,AC Thomas,Right_Hand,Right-arm fast-medium,England,4,1,1,0,0,0,0,2,0,5,0,1,0,1,274
275,JEC Franklin,Left_Hand,Left-arm medium,New Zealand,16,8,25,2,1,0,11.28571429,2.666666667,8,13.1,1,1.333333333,2,2,275
276,Shakib Al Hasan,Left_Hand,Slow left-arm orthodox,Bangladesh,31,15,44,6,2,0,1.25,2.772727273,3.333333333,13.625,0,1.833333333,0,2.0625,276
277,DH Yagnik,Left_Hand,,India,17,2,23,2,0,0,0,3.2,0,9.083333333,0,1,0,1.875,277
280,NLTC Perera,Left_Hand,Right-arm medium-fast,Sri Lanka,30,26,23,5,0,0,6.666666667,3.681818182,5,13.04347826,0,1.615384615,2,1.444444444,280
283,J Syed Mohammad,Left_Hand,Slow left-arm orthodox,India,5,0,4,0,0,0,0,1.666666667,0,5,0,0,0,1.5,283
284,RN ten Doeschate,Right_Hand,Right-arm medium-fast,Netherlands,21,15,26,4,1,0,3,2.882352941,2,12.5,0,1.222222222,1,1.8,284
285,TR Birt,Left_Hand,Right-arm medium,Australia,5,2,9,0,0,0,0,5.333333333,0,21,0,1,0,3,285
286,AG Murtaza,Left_Hand,Slow left-arm orthodox,India,3,0,1,0,0,0,0,2.333333333,0,3.333333333,0,0,0,1,286
290,I Malhotra,Right_Hand,Right-arm medium-fast,India,1,0,1,0,0,0,0,0,0,7,0,0,0,1,290
293,S Nadeem,Right_Hand,Slow left-arm orthodox,India,13,0,1,0,0,0,0,2.916666667,0,1.75,0,0,0,1,293
295,CJ Ferguson,Right_Hand,Right-arm medium,Australia,8,0,9,0,0,0,5.666666667,3.25,4.666666667,6.5,0,0,1,3,295
296,VR Aaron,Right_Hand,Right-arm fast,India,7,2,2,0,0,0,0,3.666666667,0,6,0,1,0,1,296
297,AA Chavan,Left_Hand,Slow left-arm orthodox,India,3,0,2,0,0,0,0,1.5,0,5.5,0,0,0,1,297
299,B Kumar,Right_Hand,Right-arm medium,India,31,3,15,0,0,0,0,2.586206897,0,4.967741935,0,1,0,1.363636364,299
301,S Rana,Right_Hand,Right-arm medium-fast,India,8,1,9,0,0,0,10,2.833333333,7.5,11.66666667,1,0,2,1.75,301
303,F du Plessis,Right_Hand,Legbreak,South Africa,45,38,109,20,8,0,16.66666667,2.55,5.586206897,10.47619048,1.8,1,2.863636364,1.8,303
305,GJ Maxwell,Right_Hand,Right-arm offbreak,Australia,42,56,76,11,6,0,8.315789474,3.076923077,3.75,15.15384615,2,1.6,1.666666667,2,305
306,SPD Smith,Right_Hand,Legbreak googly,India,47,33,113,18,2,1,9.315789474,3.161290323,3.375,17.22580645,2,2.090909091,2.153846154,2.764705882,306
307,MN Samuels,Right_Hand,Right-arm offbreak,West Indies,10,5,8,2,0,0,3,1.333333333,6,7.75,0,1,1,1,307
308,SA Yadav,Right_Hand,Right-arm offbreak,India,35,18,46,4,1,0,9.285714286,2.681818182,5,12.13043478,2,1.375,3,1.764705882,308
309,KK Cooper,Right_Hand,Right-arm medium,West Indies,12,8,9,1,0,0,7,1.888888889,0,7.9,1,1.25,0,1.75,309
310,JP Faulkner,Right_Hand,Left-arm fast-medium,Australia,39,23,32,6,0,0,3.5,2.966666667,3,11.77142857,0,2.333333333,2,1.611111111,310
311,HV Patel,Right_Hand,Right-arm medium,India,12,3,2,0,0,0,0,1.363636364,0,3.916666667,0,1,0,1,311
312,DAJ Bracewell,Right_Hand,Right-arm fast-medium,New Zealand,1,0,1,0,0,0,0,1,0,12,0,0,0,1,312
314,Ankit Sharma,Left_Hand,Slow left-arm orthodox,India,9,3,5,1,0,0,27,1.333333333,14,4,1,2,4,1,314
315,SP Narine,Left_Hand,Right-arm offbreak,West Indies,16,2,2,0,0,0,0,2.230769231,0,2.875,0,2,0,2,315
316,GB Hogg,Left_Hand,Slow left-arm chinaman,Australia,4,0,1,0,0,0,0,2.5,0,5.5,0,0,0,1,316
319,N Saini,Right_Hand,,India,10,0,16,2,1,0,11.42857143,2.5,6.571428571,6.5,0,0,2,1,319
320,DA Miller,Left_Hand,Right-arm offbreak,South Africa,60,74,100,19,8,1,4.363636364,2.763157895,3.6,19.05,1.5,2.476190476,1,1.916666667,320
321,Azhar Mahmood,Right_Hand,Right-arm fast-medium,Pakistan,21,13,39,5,2,0,4.4,3.066666667,3.2,10.86666667,1,1.2,3,1.8,321
322,P Negi,Left_Hand,Slow left-arm orthodox,India,19,9,16,1,0,0,0,2.625,3,11.0625,0,1,0,1.875,322
323,RJ Peterson,Left_Hand,Slow left-arm orthodox,South Africa,5,1,3,0,0,0,0,3.333333333,0,4.75,0,1,0,2,323
324,KMDN Kulasekara,Right_Hand,Right-arm fast-medium,Sri Lanka,1,0,1,0,0,0,0,1,0,5,0,0,0,1,324
325,A Ashish Reddy,Right_Hand,Right-arm medium,India,23,15,16,2,0,0,5,2.15,5,11.04545455,0,1.333333333,1,1.272727273,325
327,BB Samantray,Right_Hand,,India,8,2,13,2,1,0,7.5,3.25,7,7.142857143,0,0,1,1.5,327
329,Gurkeerat Singh,Right_Hand,Right-arm offbreak,India,24,9,36,2,1,0,5.5,2.5,4.75,12,0,1.5,1.333333333,1.9,329
330,AP Majumdar,Right_Hand,Legbreak googly,India,4,2,7,2,0,0,10.5,1.5,3.5,3,0,0,2,0,330
331,PA Reddy,Right_Hand,Legbreak,India,10,2,15,1,0,0,11.44444444,2,6,19,1,1,1.666666667,2,331
334,AD Russell,Right_Hand,Right-arm fast,West Indies,25,37,48,10,3,0,11.5,4.055555556,1.5,17.73684211,2,2.272727273,2,1.833333333,334
336,CA Lynn,Right_Hand,Slow left-arm orthodox,Australia,5,4,6,1,0,0,10.66666667,3,5.333333333,6,1,0,3,0,336
338,MC Juneja,Right_Hand,Right-arm offbreak,India,7,1,11,1,0,0,4,4.5,2,13.5,0,1,3,2,338
339,KK Nair,Right_Hand,Right-arm offbreak,India,37,20,96,11,7,0,11.91304348,3.230769231,5.545454545,13.14285714,1.25,1.333333333,2.571428571,2.25,339
340,GH Vihari,Right_Hand,Right-arm offbreak,India,21,1,23,3,0,0,5.363636364,2.444444444,5.4,9.1,0,0,1.25,1.5,340
342,R Shukla,Right_Hand,Right-arm medium,India,4,0,2,0,0,0,0,2.5,0,4.75,0,0,0,2,342
345,M Vohra,Right_Hand,Right-arm medium,India,32,26,72,12,2,0,15.57142857,2.333333333,6.178571429,12.33333333,1.454545455,1,2.611111111,2.5,345
349,R Rampaul,Left_Hand,Right-arm fast-medium,West Indies,7,2,3,0,0,0,0,3,0,6.571428571,0,1,0,3,349
350,CH Morris,Right_Hand,Right-arm fast-medium,South Africa,20,17,18,3,1,0,0,2.923076923,0,14.29411765,0,2,0,2.8,350
351,SV Samson,Right_Hand,,India,48,38,80,14,5,0,9.566666667,2.941176471,6,14.05555556,1.2,1.555555556,2.0625,1.777777778,351
353,BJ Rohrer,Left_Hand,,Australia,8,5,21,3,1,0,0,2.25,1,17,0,1.666666667,0,4,353
354,KL Rahul,Right_Hand,,India,30,24,61,9,4,0,12.21052632,2.909090909,5,13,1.25,1.6,2.153846154,1.714285714,354
355,Q de Kock,Left_Hand,,South Africa,26,21,90,11,5,1,17.03846154,2,6.884615385,12.33333333,1.2,0,3.210526316,3,355
356,R Dhawan,Right_Hand,Right-arm medium-fast,India,16,4,13,0,0,0,0,3.666666667,0,10.21428571,0,1.333333333,0,1.375,356
357,MG Johnson,Left_Hand,Left-arm fast,Australia,24,6,7,0,0,0,0,2.904761905,0,5.772727273,0,1,0,1.4,357
358,LJ Wright,Right_Hand,Right-arm medium-fast,England,5,3,16,2,0,0,4,4,3,31.66666667,1,1,0,5.333333333,358
360,CM Gautam,Right_Hand,,India,13,6,17,3,0,0,9.714285714,4,5.571428571,10.16666667,2,0,1.5,1.5,360
362,DJG Sammy,Right_Hand,Right-arm medium-fast,West Indies,20,18,15,1,1,0,8,4.285714286,4,11.3125,0,1.555555556,2,1.6,362
363,KW Richardson,Right_Hand,Right-arm fast-medium,Australia,4,1,2,0,0,0,0,3.333333333,0,4.5,0,0,0,0,363
364,MM Sharma,Right_Hand,Right-arm medium,India,13,3,4,0,0,0,0,2.125,0,4.272727273,0,1.5,0,1,364
366,Parvez Rasool,Right_Hand,Right-arm offbreak,India,4,0,1,0,0,0,0,2.333333333,0,4.25,0,0,0,1,366
367,Sandeep Sharma,Right_Hand,Right-arm medium,India,9,0,1,0,0,0,0,2,0,1,0,0,0,0,367
369,Sachin Baby,Left_Hand,Right-arm offbreak,India,7,5,9,1,0,0,0,3.333333333,3,15.83333333,0,1.333333333,0,1.6,369
370,PV Tambe,Right_Hand,Legbreak,India,6,0,1,0,0,0,0,5.25,0,2.666666667,0,0,0,1,370
371,NM Coulter-Nile,Right_Hand,Right-arm fast,Australia,8,2,3,0,0,0,0,2.2,0,4.285714286,0,1,0,1,371
372,CJ Anderson,Left_Hand,Left-arm medium-fast,New Zealand,15,21,32,5,3,0,6,3,5,11.88888889,2,2.333333333,1.25,1.333333333,372
374,AR Patel,Left_Hand,Slow left-arm orthodox,India,29,17,23,4,0,0,1.666666667,2.736842105,2,10,0,1.571428571,0,1.625,374
375,JJ Bumrah,Right_Hand,Right-arm medium,India,4,0,1,0,0,0,0,4.5,0,2.25,0,0,0,1,375
376,JDS Neesham,Left_Hand,Right-arm medium,New Zealand,3,1,3,0,0,0,0,8.5,0,9,0,1,0,1,376
377,TG Southee,Right_Hand,Right-arm medium-fast,New Zealand,7,2,3,0,0,0,0,1.75,0,6.666666667,0,2,0,1,377
378,MA Starc,Left_Hand,Left-arm fast,Australia,11,0,10,0,0,0,0,4.285714286,0,6.8,0,0,0,1.4,378
380,RR Rossouw,Left_Hand,Right-arm offbreak,South Africa,5,3,3,0,0,0,6.666666667,3,5,24,1,2,1,1,380
381,Shivam Sharma,Right_Hand,Right-arm offbreak,India,2,0,1,0,0,0,0,1,0,2.5,0,0,0,1,381
383,LMP Simmons,Right_Hand,Right-arm medium-fast,West Indies,22,36,99,15,9,1,20.68181818,3,9.590909091,12.5,1.666666667,1.25,3,1.333333333,383
385,BCJ Cutting,Right_Hand,Right-arm fast-medium,Australia,5,7,4,1,0,0,0,4.25,0,16.25,0,2.333333333,0,3,385
386,Imran Tahir,Right_Hand,Legbreak googly,India,5,0,3,0,0,0,0,2.4,0,2.8,0,0,0,1,386
388,S Gopal,Right_Hand,Legbreak,India,3,0,1,0,0,0,0,2,0,6,0,0,0,1,388
391,JO Holder,Right_Hand,Right-arm medium-fast,West Indies,5,2,4,0,0,0,0,3.6,0,7.6,0,1,0,1.333333333,391
392,Karanveer Singh,Right_Hand,Legbreak googly,India,4,0,1,0,0,0,0,2.5,0,2.666666667,0,0,0,1,392
393,SS Iyer,Right_Hand,Legbreak googly,India,20,22,43,7,4,0,11.3,2,7,13,1.166666667,0,1.857142857,3,393
394,DJ Hooda,Right_Hand,Right-arm offbreak,India,24,16,15,3,1,0,0,2,3,8.647058824,0,2,0,1.428571429,394
396,KS Williamson,Right_Hand,Right-arm offbreak,New Zealand,8,1,15,2,1,0,4,2,5.333333333,12.8,0,1,1,1.25,396
397,SA Abbott,Right_Hand,Right-arm fast-medium,New Zealand,2,1,1,0,0,0,0,3.5,0,7.5,0,1,0,1,397
398,J Suchith,Left_Hand,Slow left-arm orthodox,India,5,2,4,1,0,0,0,1.75,0,9.2,0,2,0,4,398
400,HH Pandya,Right_Hand,Right-arm medium-fast,India,17,8,13,1,1,0,3.6,2.181818182,5.6,10,0,2,1.5,3.333333333,400
401,D Wiese,Right_Hand,Right-arm medium-fast,South Africa,8,4,12,1,0,0,0,4.8,0,18,0,1.333333333,0,2.75,401
402,SN Khan,Right_Hand,Legbreak,India,11,6,19,3,0,0,0,3,0,17.44444444,0,1.666666667,0,3,402
403,MJ McClenaghan,Left_Hand,Left-arm fast-medium,New Zealand,7,5,2,0,0,0,0,2,0,3.8,0,2,0,1,403
406,SN Thakur,Right_Hand,Right-arm medium,India,1,0,1,0,0,0,0,2,0,7,0,0,0,1,406
407,JC Buttler,Right_Hand,,England,14,11,23,2,0,0,4,2.857142857,4.5,20.71428571,0,1.833333333,1.5,1.833333333,407
408,CR Brathwaite,Right_Hand,Right-arm fast-medium,West Indies,6,8,6,1,0,0,0,2.6,0,15.4,0,2.333333333,0,2,408
409,MP Stoinis,Right_Hand,Right-arm medium,Australia,5,4,13,3,1,0,12.66666667,3.5,6.333333333,28,1,1,2,3,409
410,Ishan Kishan,Left_Hand,,India,5,0,5,0,0,0,0,2.5,0,3.4,0,0,0,2,410
411,C Munro,Left_Hand,Right-arm medium-fast,New Zealand,3,0,3,0,0,0,12,3,4.5,4,0,0,1.5,0,411
412,P Sahu,Right_Hand,Legbreak googly,India,2,1,1,0,0,0,0,4,0,9.5,0,1,0,1,412
413,KH Pandya,Left_Hand,Slow left-arm orthodox,India,8,13,22,3,1,0,10.5,4.5,4,24,1,2,1.5,2.25,413
414,AD Nath,Right_Hand,Right-arm medium-fast,India,3,0,1,0,0,0,0,4.5,0,6.5,0,0,0,1,414
415,MJ Guptill,Right_Hand,Right-arm offbreak,New Zealand,3,3,3,1,0,0,7.666666667,2,5.666666667,0,1,0,1,0,415
417,TM Head,Left_Hand,Right-arm offbreak,Australia,3,2,3,1,0,0,0,3.333333333,0,17.33333333,0,2,0,1.5,417
419,NS Naik,Right_Hand,,India,2,0,1,0,0,0,0,5,0,7,0,0,0,0,419
420,RR Pant,Left_Hand,,India,10,6,19,3,1,0,8.6,3.333333333,3.8,10,0,2,3,1,420
421,SW Billings,Right_Hand,,England,4,4,4,1,1,0,0,2.333333333,1,7,0,2,0,0,421
427,HM Amla,Right_Hand,Right-arm offbreak,South Africa,6,4,20,2,1,0,14.33333333,4,6.166666667,32,1,1,3.333333333,5,427
428,F Behardien,Right_Hand,Right-arm fast-medium,South Africa,3,0,2,0,0,0,0,2,0,7,0,0,0,1,428
431,N Rana,Left_Hand,Right-arm offbreak,India,3,8,7,1,1,0,6.5,4,8,27,1,1,1,4,431
433,ER Dwivedi,Right_Hand,,India,2,2,2,0,0,0,5,3,4,19,0,2,1,1,433
30,T Kohli,Right_Hand,Right-arm medium,India,3,1,0,0,0,0,7,3,11,2,1,0,0,0,30
242,CK Langeveldt,Right_Hand,Right-arm fast-medium,England,2,1,0,0,0,0,0,3,0,4,0,1,0,0,242
281,NL McCullum,Right_Hand,Right-arm offbreak,New Zealand,2,1,0,0,0,0,0,3,0,10.5,0,1,0,0,281
302,BA Bhatt,Left_Hand,Slow left-arm orthodox,India,2,1,0,0,0,0,0,3,0,3,0,1,0,0,302
332,K Upadhyay,Right_Hand,Right-arm medium,India,2,1,0,0,0,0,0,3,0,6,0,1,0,0,332
390,R Tewatia,Left_Hand,Legbreak,India,1,1,0,0,0,0,0,3,0,9,0,1,0,0,390
395,Anureet Singh,Right_Hand,Right-arm medium,India,6,1,0,0,0,0,0,3.5,0,3.2,0,1,0,0,395
416,KJ Abbott,Right_Hand,Right-arm fast-medium,South Africa,3,1,0,0,0,0,0,2,0,6.5,0,1,0,0,416
422,KC Cariappa,Right_Hand,Legbreak,India,2,1,0,0,0,0,0,2,0,1,0,0,0,0,422
16,SB Joshi,Left_Hand,Slow left-arm orthodox,India,2,0,0,0,0,0,0,5,0,2,0,0,0,0,16
75,Pankaj Singh,Right_Hand,Right-arm medium-fast,India,5,0,0,0,0,0,0,2,0,1.4,0,0,0,0,75
91,VY Mahesh,Right_Hand,Right-arm medium-fast,India,5,0,0,0,0,0,0,3.25,0,2.8,0,0,0,0,91
92,TM Srivastava,Left_Hand,Right-arm medium,India,3,0,0,0,0,0,0,2.5,0,2.666666667,0,0,0,0,92
99,D Kalyankrishna,Right_Hand,Right-arm medium-fast,India,1,0,0,0,0,0,0,5,0,3,0,0,0,0,99
117,Mohammad Asif,Left_Hand,Right-arm fast-medium,Pakistan,2,0,0,0,0,0,0,1,0,1,0,0,0,0,117
127,CK Kapugedera,Right_Hand,Right-arm medium,Sri Lanka,3,0,0,0,0,0,0,4,0,8,0,0,0,0,127
131,PP Ojha,Left_Hand,Slow left-arm orthodox,India,19,0,0,0,0,0,0,2.5,0,0.842105263,0,0,0,0,131
134,U Kaul,Left_Hand,,India,1,0,0,0,0,0,0,1,0,0,0,0,0,0,134
142,PM Sarvesh Kumar,Right_Hand,Right-arm medium,India,1,0,0,0,0,0,0,1,0,1,0,0,0,0,142
143,DP Vijaykumar,Right_Hand,Right-arm medium,India,1,0,0,0,0,0,0,0,0,1,0,0,0,0,143
144,Shoaib Akhtar,Right_Hand,Right-arm fast,Pakistan,1,0,0,0,0,0,0,3,0,1,0,0,0,0,144
145,Abdur Razzak,Left_Hand,Slow left-arm orthodox,Bangladesh,1,0,0,0,0,0,0,2,0,0,0,0,0,0,145
146,H Das,Right_Hand,,India,1,0,0,0,0,0,0,3,0,2,0,0,0,0,146
149,CRD Fernando,Right_Hand,Right-arm fast-medium,Sri Lanka,2,0,0,0,0,0,0,0,0,2,0,0,0,0,149
150,VS Yeligati,Right_Hand,Right-arm offbreak,India,1,0,0,0,0,0,0,1,0,2,0,0,0,0,150
156,T Thushara,Left_Hand,Left-arm fast-medium,Sri Lanka,4,0,0,0,0,0,0,2.5,0,3,0,0,0,0,156
160,Kamran Khan,Left_Hand,Left-arm medium-fast,India,1,0,0,0,0,0,0,3,0,3,0,0,0,0,160
165,FH Edwards,Right_Hand,Right-arm fast,West Indies,2,0,0,0,0,0,0,1.5,0,2,0,0,0,0,165
174,BAW Mendis,Right_Hand,Right-arm offbreak,Sri Lanka,3,0,0,0,0,0,0,1.5,0,1,0,0,0,0,174
179,Shoaib Ahmed,Right_Hand,Right-arm fast-medium,Pakistan,3,0,0,0,0,0,0,1.666666667,0,0.333333333,0,0,0,0,179
181,KP Appanna,Right_Hand,Slow left-arm orthodox,India,3,0,0,0,0,0,0,1,0,0.666666667,0,0,0,0,181
184,SM Harwood,Right_Hand,Right-arm fast-medium,Australia,2,0,0,0,0,0,0,3.5,0,4.5,0,0,0,0,184
189,D du Preez,Right_Hand,Right-arm fast-medium,South Africa,1,0,0,0,0,0,0,5,0,10,0,0,0,0,189
193,C Nanda,Right_Hand,Legbreak,India,1,0,0,0,0,0,0,1,0,0,0,0,0,0,193
195,Mashrafe Mortaza,Right_Hand,Right-arm fast-medium,Bangladesh,1,0,0,0,0,0,0,1,0,2,0,0,0,0,195
196,A Singh,Right_Hand,Right-arm medium-fast,India,5,0,0,0,0,0,0,1.6,0,0.4,0,0,0,0,196
206,Jaskaran Singh,Right_Hand,Right-arm medium,India,4,0,0,0,0,0,0,1.25,0,2,0,0,0,0,206
213,A Uniyal,Left_Hand,Left-arm medium,India,2,0,0,0,0,0,0,1.5,0,2,0,0,0,0,213
215,YA Abdulla,Left_Hand,Left-arm fast-medium,India,1,0,0,0,0,0,0,1,0,0,0,0,0,0,215
218,S Tyagi,Right_Hand,Right-arm medium,India,1,0,0,0,0,0,0,1,0,3,0,0,0,0,218
220,SE Bond,Right_Hand,Right-arm fast,New Zealand,1,0,0,0,0,0,0,1,0,0,0,0,0,0,220
222,S Ladda,Right_Hand,Legbreak,India,2,0,0,0,0,0,0,4,0,0,0,0,0,0,222
223,DP Nannes,Right_Hand,Left-arm fast,Australia,2,0,0,0,0,0,0,4,0,1.5,0,0,0,0,223
234,SJ Srivastava,Right_Hand,Left-arm fast-medium,India,4,0,0,0,0,0,0,1,0,1.25,0,0,0,0,234
265,NJ Rimmington,Right_Hand,Right-arm fast-medium,Australia,1,0,0,0,0,0,0,0,0,1,0,0,0,0,265
269,R Ninan,Right_Hand,Right-arm offbreak,India,1,0,0,0,0,0,0,3,0,3,0,0,0,0,269
273,SB Wagh,Left_Hand,Left-arm medium-fast,India,2,0,0,0,0,0,0,1,0,1,0,0,0,0,273
278,S Randiv,Right_Hand,Right-arm offbreak,Sri Lanka,1,0,0,0,0,0,0,3,0,2,0,0,0,0,278
282,JE Taylor,Right_Hand,Right-arm fast,New Zealand,2,0,0,0,0,0,0,1,0,1.5,0,0,0,0,282
287,Harpreet Singh,Left_Hand,Right-arm medium,India,3,0,0,0,0,0,0,2,0,5.333333333,0,0,0,0,287
291,L Ablish,Right_Hand,Right-arm medium-fast,India,1,0,0,0,0,0,0,2,0,0,0,0,0,0,291
294,P Parameswaran,Right_Hand,Left-arm medium,India,2,0,0,0,0,0,0,2,0,0.5,0,0,0,0,294
298,ND Doshi,Right_Hand,Slow left-arm orthodox,India,1,0,0,0,0,0,0,13,0,0,0,0,0,0,298
317,RR Bhatkal,Right_Hand,Right-arm medium,India,1,0,0,0,0,0,0,2,0,0,0,0,0,0,317
318,CJ McKay,Right_Hand,Right-arm fast-medium,Australia,1,0,0,0,0,0,0,3,0,2,0,0,0,0,318
326,V Pratap Singh,Right_Hand,Right-arm medium,India,1,0,0,0,0,0,0,1,0,0,0,0,0,0,326
333,P Awana,Right_Hand,Right-arm medium,India,5,0,0,0,0,0,0,1.8,0,1,0,0,0,0,333
335,A Chandila,Right_Hand,Right-arm offbreak,India,2,0,0,0,0,0,0,1.5,0,2,0,0,0,0,335
337,Sunny Gupta,Right_Hand,Right-arm offbreak,India,1,0,0,0,0,0,0,1,0,0,0,0,0,0,337
343,B Laughlin,Right_Hand,Right-arm fast-medium,Australia,2,0,0,0,0,0,0,2,0,1.5,0,0,0,0,343
344,AS Rajpoot,Right_Hand,Right-arm medium,India,1,0,0,0,0,0,0,5,0,2,0,0,0,0,344
346,JD Unadkat,Right_Hand,Left-arm medium,India,4,0,0,0,0,0,0,2.5,0,0.75,0,0,0,0,346
347,Mohammed Shami,Right_Hand,Right-arm fast-medium,India,7,0,0,0,0,0,0,2.166666667,0,1.285714286,0,0,0,0,347
348,BMAJ Mendis,Left_Hand,Legbreak,Sri Lanka,3,0,0,0,0,0,1,1,1,3,0,0,0,0,348
352,SMSM Senanayake,Right_Hand,Right-arm offbreak,Sri Lanka,4,0,0,0,0,0,0,2.666666667,0,2.5,0,0,0,0,352
359,IC Pandey,Right_Hand,Right-arm medium,India,1,0,0,0,0,0,0,2,0,0,0,0,0,0,359
361,X Thalaivan Sargunam,Right_Hand,Right-arm offbreak,India,1,0,0,0,0,0,0,2,0,2,0,0,0,0,361
368,S Kaul,Right_Hand,Right-arm medium,India,2,0,0,0,0,0,0,5,0,4.5,0,0,0,0,368
382,YS Chahal,Right_Hand,Legbreak googly,India,2,0,0,0,0,0,0,1,0,1,0,0,0,0,382
387,BE Hendricks,Left_Hand,Left-arm fast-medium,South Africa,2,0,0,0,0,0,0,1,0,0.5,0,0,0,0,387
389,M de Lange,Right_Hand,Right-arm fast,South Africa,1,0,0,0,0,0,0,1,0,1,0,0,0,0,389
399,RG More,Right_Hand,Right-arm medium,India,1,0,0,0,0,0,0,0,0,2,0,0,0,0,399
404,DJ Muthuswami,Right_Hand,Right-arm medium,India,1,0,0,0,0,0,0,2,0,1,0,0,0,0,404
405,PJ Cummins,Right_Hand,Right-arm fast,Australia,1,0,0,0,0,0,0,2,0,0,0,0,0,0,405
418,M Ashwin,Right_Hand,Legbreak googly,India,1,0,0,0,0,0,0,1,0,0,0,0,0,0,418
424,Swapnil Singh,Right_Hand,Slow left-arm orthodox,India,1,0,0,0,0,0,0,1,0,0,0,0,0,0,424
425,J Yadav,Right_Hand,Right-arm offbreak,India,2,0,0,0,0,0,0,3,0,3,0,0,0,0,425
429,BB Sran,Left_Hand,Left-arm medium,India,3,0,0,0,0,0,0,0,0,1.333333333,0,0,0,0,429
430,A Zampa,Right_Hand,Legbreak googly,Australia,1,0,0,0,0,0,0,1,0,0,0,0,0,0,430
432,S Kaushik,Right_Hand,Slow left-arm chinaman,India,1,0,0,0,0,0,0,1,0,0,0,0,0,0,432
434,CJ Jordan,Right_Hand,Right-arm fast-medium,England,1,0,0,0,0,0,0,2,0,3,0,0,0,0,434
